severity,method,nx,cell_index,z_left_cm,z_center_cm,z_right_cm,r_left_cm,r_center_cm,r_right_cm,dx_cm
50,fv-muscl-minmod,400,1,0,0.0075,0.015,0.18,0.18,0.18,0.015
50,fv-muscl-minmod,400,2,0.015,0.0225,0.03,0.18,0.18,0.18,0.015
50,fv-muscl-minmod,400,3,0.03,0.0375,0.045,0.18,0.18,0.18,0.015
50,fv-muscl-minmod,400,4,0.045,0.0525,0.06,0.18,0.18,0.18,0.015
50,fv-muscl-minmod,400,5,0.06,0.0675,0.075,0.18,0.18,0.18,0.015
50,fv-muscl-minmod,400,6,0.075,0.0825,0.09,0.18,0.18,0.18,0.015
50,fv-muscl-minmod,400,7,0.09,0.0975,0.105,0.18,0.18,0.18,0.015
50,fv-muscl-minmod,400,8,0.105,0.1125,0.12,0.18,0.18,0.18,0.015
50,fv-muscl-minmod,400,9,0.12,0.1275,0.135,0.18,0.18,0.18,0.015
50,fv-muscl-minmod,400,10,0.135,0.1425,0.15,0.18,0.18,0.18,0.015
50,fv-muscl-minmod,400,11,0.15,0.1575,0.165,0.18,0.18,0.18,0.015
50,fv-muscl-minmod,400,12,0.165,0.1725,0.18,0.18,0.18,0.18,0.015
50,fv-muscl-minmod,400,13,0.18,0.1875,0.195,0.18,0.18,0.18,0.015
50,fv-muscl-minmod,400,14,0.195,0.2025,0.21,0.18,0.18,0.18,0.015
50,fv-muscl-minmod,400,15,0.21,0.2175,0.225,0.18,0.18,0.18,0.015
50,fv-muscl-minmod,400,16,0.225,0.2325,0.24,0.18,0.18,0.18,0.015
50,fv-muscl-minmod,400,17,0.24,0.2475,0.255,0.18,0.18,0.18,0.015
50,fv-muscl-minmod,400,18,0.255,0.2625,0.27,0.18,0.18,0.18,0.015
50,fv-muscl-minmod,400,19,0.27,0.2775,0.285,0.18,0.18,0.18,0.015
50,fv-muscl-minmod,400,20,0.285,0.2925,0.3,0.18,0.18,0.18,0.015
50,fv-muscl-minmod,400,21,0.3,0.3075,0.315,0.18,0.18,0.18,0.015
50,fv-muscl-minmod,400,22,0.315,0.3225,0.33,0.18,0.18,0.18,0.015
50,fv-muscl-minmod,400,23,0.33,0.3375,0.345,0.18,0.18,0.18,0.015
50,fv-muscl-minmod,400,24,0.345,0.3525,0.36,0.18,0.18,0.18,0.015
50,fv-muscl-minmod,400,25,0.36,0.3675,0.375,0.18,0.18,0.18,0.015
50,fv-muscl-minmod,400,26,0.375,0.3825,0.39,0.18,0.18,0.18,0.015
50,fv-muscl-minmod,400,27,0.39,0.3975,0.405,0.18,0.18,0.18,0.015
50,fv-muscl-minmod,400,28,0.405,0.4125,0.42,0.18,0.18,0.18,0.015
50,fv-muscl-minmod,400,29,0.42,0.4275,0.435,0.18,0.18,0.18,0.015
50,fv-muscl-minmod,400,30,0.435,0.4425,0.45,0.18,0.18,0.18,0.015
50,fv-muscl-minmod,400,31,0.45,0.4575,0.465,0.18,0.18,0.18,0.015
50,fv-muscl-minmod,400,32,0.465,0.4725,0.48,0.18,0.18,0.18,0.015
50,fv-muscl-minmod,400,33,0.48,0.4875,0.495,0.18,0.18,0.18,0.015
50,fv-muscl-minmod,400,34,0.495,0.5025,0.51,0.18,0.18,0.18,0.015
50,fv-muscl-minmod,400,35,0.51,0.5175,0.525,0.18,0.18,0.18,0.015
50,fv-muscl-minmod,400,36,0.525,0.5325,0.54,0.18,0.18,0.18,0.015
50,fv-muscl-minmod,400,37,0.54,0.5475,0.555,0.18,0.18,0.18,0.015
50,fv-muscl-minmod,400,38,0.555,0.5625,0.57,0.18,0.18,0.18,0.015
50,fv-muscl-minmod,400,39,0.57,0.5775,0.585,0.18,0.18,0.18,0.015
50,fv-muscl-minmod,400,40,0.585,0.5925,0.6,0.18,0.18,0.18,0.015
50,fv-muscl-minmod,400,41,0.6,0.6075,0.615,0.18,0.18,0.18,0.015
50,fv-muscl-minmod,400,42,0.615,0.6225,0.63,0.18,0.18,0.18,0.015
50,fv-muscl-minmod,400,43,0.63,0.6375,0.645,0.18,0.18,0.18,0.015
50,fv-muscl-minmod,400,44,0.645,0.6525,0.66,0.18,0.18,0.18,0.015
50,fv-muscl-minmod,400,45,0.66,0.6675,0.675,0.18,0.18,0.18,0.015
50,fv-muscl-minmod,400,46,0.675,0.6825,0.69,0.18,0.18,0.18,0.015
50,fv-muscl-minmod,400,47,0.69,0.6975,0.705,0.18,0.18,0.18,0.015
50,fv-muscl-minmod,400,48,0.705,0.7125,0.72,0.18,0.18,0.18,0.015
50,fv-muscl-minmod,400,49,0.72,0.7275,0.735,0.18,0.18,0.18,0.015
50,fv-muscl-minmod,400,50,0.735,0.7425,0.75,0.18,0.18,0.18,0.015
50,fv-muscl-minmod,400,51,0.75,0.7575,0.765,0.18,0.18,0.18,0.015
50,fv-muscl-minmod,400,52,0.765,0.7725,0.78,0.18,0.18,0.18,0.015
50,fv-muscl-minmod,400,53,0.78,0.7875,0.795,0.18,0.18,0.18,0.015
50,fv-muscl-minmod,400,54,0.795,0.8025,0.81,0.18,0.18,0.18,0.015
50,fv-muscl-minmod,400,55,0.81,0.8175,0.825,0.18,0.18,0.18,0.015
50,fv-muscl-minmod,400,56,0.825,0.8325,0.84,0.18,0.18,0.18,0.015
50,fv-muscl-minmod,400,57,0.84,0.8475,0.855,0.18,0.18,0.18,0.015
50,fv-muscl-minmod,400,58,0.855,0.8625,0.87,0.18,0.18,0.18,0.015
50,fv-muscl-minmod,400,59,0.87,0.8775,0.885,0.18,0.18,0.18,0.015
50,fv-muscl-minmod,400,60,0.885,0.8925,0.9,0.18,0.18,0.18,0.015
50,fv-muscl-minmod,400,61,0.9,0.9075,0.915,0.18,0.18,0.18,0.015
50,fv-muscl-minmod,400,62,0.915,0.9225,0.93,0.18,0.18,0.18,0.015
50,fv-muscl-minmod,400,63,0.93,0.9375,0.945,0.18,0.18,0.18,0.015
50,fv-muscl-minmod,400,64,0.945,0.9525,0.96,0.18,0.18,0.18,0.015
50,fv-muscl-minmod,400,65,0.96,0.9675,0.975,0.18,0.18,0.18,0.015
50,fv-muscl-minmod,400,66,0.975,0.9825,0.99,0.18,0.18,0.18,0.015
50,fv-muscl-minmod,400,67,0.99,0.9975,1.005,0.18,0.18,0.18,0.015
50,fv-muscl-minmod,400,68,1.005,1.0125,1.02,0.18,0.18,0.18,0.015
50,fv-muscl-minmod,400,69,1.02,1.0275,1.035,0.18,0.18,0.18,0.015
50,fv-muscl-minmod,400,70,1.035,1.0425,1.05,0.18,0.18,0.18,0.015
50,fv-muscl-minmod,400,71,1.05,1.0575,1.065,0.18,0.18,0.18,0.015
50,fv-muscl-minmod,400,72,1.065,1.0725,1.08,0.18,0.18,0.18,0.015
50,fv-muscl-minmod,400,73,1.08,1.0875,1.095,0.18,0.18,0.18,0.015
50,fv-muscl-minmod,400,74,1.095,1.1025,1.11,0.18,0.18,0.18,0.015
50,fv-muscl-minmod,400,75,1.11,1.1175,1.125,0.18,0.18,0.18,0.015
50,fv-muscl-minmod,400,76,1.125,1.1325,1.14,0.18,0.18,0.18,0.015
50,fv-muscl-minmod,400,77,1.14,1.1475,1.155,0.18,0.18,0.18,0.015
50,fv-muscl-minmod,400,78,1.155,1.1625,1.17,0.18,0.18,0.18,0.015
50,fv-muscl-minmod,400,79,1.17,1.1775,1.185,0.18,0.18,0.18,0.015
50,fv-muscl-minmod,400,80,1.185,1.1925,1.2,0.18,0.18,0.18,0.015
50,fv-muscl-minmod,400,81,1.2,1.2075,1.215,0.18,0.18,0.18,0.015
50,fv-muscl-minmod,400,82,1.215,1.2225,1.23,0.18,0.18,0.18,0.015
50,fv-muscl-minmod,400,83,1.23,1.2375,1.245,0.18,0.18,0.18,0.015
50,fv-muscl-minmod,400,84,1.245,1.2525,1.26,0.18,0.18,0.18,0.015
50,fv-muscl-minmod,400,85,1.26,1.2675,1.275,0.18,0.18,0.18,0.015
50,fv-muscl-minmod,400,86,1.275,1.2825,1.29,0.18,0.18,0.18,0.015
50,fv-muscl-minmod,400,87,1.29,1.2975,1.305,0.18,0.18,0.18,0.015
50,fv-muscl-minmod,400,88,1.305,1.3125,1.32,0.18,0.18,0.18,0.015
50,fv-muscl-minmod,400,89,1.32,1.3275,1.335,0.18,0.18,0.18,0.015
50,fv-muscl-minmod,400,90,1.335,1.3425,1.35,0.18,0.18,0.18,0.015
50,fv-muscl-minmod,400,91,1.35,1.3575,1.365,0.18,0.18,0.18,0.015
50,fv-muscl-minmod,400,92,1.365,1.3725,1.38,0.18,0.18,0.18,0.015
50,fv-muscl-minmod,400,93,1.38,1.3875,1.395,0.18,0.18,0.18,0.015
50,fv-muscl-minmod,400,94,1.395,1.4025,1.41,0.18,0.18,0.18,0.015
50,fv-muscl-minmod,400,95,1.41,1.4175,1.425,0.18,0.18,0.18,0.015
50,fv-muscl-minmod,400,96,1.425,1.4325,1.44,0.18,0.18,0.18,0.015
50,fv-muscl-minmod,400,97,1.44,1.4475,1.455,0.18,0.18,0.18,0.015
50,fv-muscl-minmod,400,98,1.455,1.4625,1.47,0.18,0.18,0.18,0.015
50,fv-muscl-minmod,400,99,1.47,1.4775,1.485,0.18,0.18,0.18,0.015
50,fv-muscl-minmod,400,100,1.485,1.4925,1.5,0.18,0.18,0.18,0.015
50,fv-muscl-minmod,400,101,1.5,1.5075,1.515,0.18,0.18,0.18,0.015
50,fv-muscl-minmod,400,102,1.515,1.5225,1.53,0.18,0.18,0.18,0.015
50,fv-muscl-minmod,400,103,1.53,1.5375,1.545,0.18,0.18,0.18,0.015
50,fv-muscl-minmod,400,104,1.545,1.5525,1.56,0.18,0.18,0.18,0.015
50,fv-muscl-minmod,400,105,1.56,1.5675,1.575,0.18,0.18,0.18,0.015
50,fv-muscl-minmod,400,106,1.575,1.5825,1.59,0.18,0.18,0.18,0.015
50,fv-muscl-minmod,400,107,1.59,1.5975,1.605,0.18,0.18,0.18,0.015
50,fv-muscl-minmod,400,108,1.605,1.6125,1.62,0.18,0.18,0.18,0.015
50,fv-muscl-minmod,400,109,1.62,1.6275,1.635,0.18,0.18,0.18,0.015
50,fv-muscl-minmod,400,110,1.635,1.6425,1.65,0.18,0.18,0.18,0.015
50,fv-muscl-minmod,400,111,1.65,1.6575,1.665,0.18,0.18,0.18,0.015
50,fv-muscl-minmod,400,112,1.665,1.6725,1.68,0.18,0.18,0.18,0.015
50,fv-muscl-minmod,400,113,1.68,1.6875,1.695,0.18,0.18,0.18,0.015
50,fv-muscl-minmod,400,114,1.695,1.7025,1.71,0.18,0.18,0.18,0.015
50,fv-muscl-minmod,400,115,1.71,1.7175,1.725,0.18,0.18,0.18,0.015
50,fv-muscl-minmod,400,116,1.725,1.7325,1.74,0.18,0.18,0.18,0.015
50,fv-muscl-minmod,400,117,1.74,1.7475,1.755,0.18,0.18,0.18,0.015
50,fv-muscl-minmod,400,118,1.755,1.7625,1.77,0.18,0.18,0.18,0.015
50,fv-muscl-minmod,400,119,1.77,1.7775,1.785,0.18,0.18,0.18,0.015
50,fv-muscl-minmod,400,120,1.785,1.7925,1.8,0.18,0.18,0.18,0.015
50,fv-muscl-minmod,400,121,1.8,1.8075,1.815,0.18,0.179999999999,0.179999999997,0.015
50,fv-muscl-minmod,400,122,1.815,1.8225,1.83,0.179999999997,0.179999999989,0.179999999964,0.015
50,fv-muscl-minmod,400,123,1.83,1.8375,1.845,0.179999999964,0.179999999882,0.179999999633,0.015
50,fv-muscl-minmod,400,124,1.845,1.8525,1.86,0.179999999633,0.179999998921,0.179999996973,0.015
50,fv-muscl-minmod,400,125,1.86,1.8675,1.875,0.179999996973,0.179999991896,0.179999979258,0.015
50,fv-muscl-minmod,400,126,1.875,1.8825,1.89,0.179999979258,0.179999949174,0.179999880583,0.015
50,fv-muscl-minmod,400,127,1.89,1.8975,1.905,0.179999880583,0.179999730593,0.179999415573,0.015
50,fv-muscl-minmod,400,128,1.905,1.9125,1.92,0.179999415573,0.179998779219,0.179997541209,0.015
50,fv-muscl-minmod,400,129,1.92,1.9275,1.935,0.179997541209,0.17999521853,0.179991010752,0.015
50,fv-muscl-minmod,400,130,1.935,1.9425,1.95,0.179991010752,0.179983640843,0.179971145408,0.015
50,fv-muscl-minmod,400,131,1.95,1.9575,1.965,0.179971145408,0.17995061291,0.179917875679,0.015
50,fv-muscl-minmod,400,132,1.965,1.9725,1.98,0.179917875679,0.179867171057,0.179790797765,0.015
50,fv-muscl-minmod,400,133,1.98,1.9875,1.995,0.179790797765,0.179678803974,0.179518751561,0.015
50,fv-muscl-minmod,400,134,1.995,2.0025,2.01,0.179518751561,0.179295604604,0.178991787583,0.015
50,fv-muscl-minmod,400,135,2.01,2.0175,2.025,0.178991787583,0.178587449283,0.178060952242,0.015
50,fv-muscl-minmod,400,136,2.025,2.0325,2.04,0.178060952242,0.177389586293,0.176550480873,0.015
50,fv-muscl-minmod,400,137,2.04,2.0475,2.055,0.176550480873,0.175521667478,0.174283224078,0.015
50,fv-muscl-minmod,400,138,2.055,2.0625,2.07,0.174283224078,0.172818420463,0.171114778913,0.015
50,fv-muscl-minmod,400,139,2.07,2.0775,2.085,0.171114778913,0.169164969141,0.166967469294,0.015
50,fv-muscl-minmod,400,140,2.085,2.0925,2.1,0.166967469294,0.164526944224,0.161854315795,0.015
50,fv-muscl-minmod,400,141,2.1,2.1075,2.115,0.161854315795,0.158966524717,0.155886006723,0.015
50,fv-muscl-minmod,400,142,2.115,2.1225,2.13,0.155886006723,0.152639925414,0.149259218403,0.015
50,fv-muscl-minmod,400,143,2.13,2.1375,2.145,0.149259218403,0.145777521505,0.142230037902,0.015
50,fv-muscl-minmod,400,144,2.145,2.1525,2.16,0.142230037902,0.138652415837,0.13507969078,0.015
50,fv-muscl-minmod,400,145,2.16,2.1675,2.175,0.13507969078,0.131545337315,0.128080463709,0.015
50,fv-muscl-minmod,400,146,2.175,2.1825,2.19,0.128080463709,0.124713169493,0.121468074422,0.015
50,fv-muscl-minmod,400,147,2.19,2.1975,2.205,0.121468074422,0.118366016723,0.115423910079,0.015
50,fv-muscl-minmod,400,148,2.205,2.2125,2.22,0.115423910079,0.112654742454,0.110067695784,0.015
50,fv-muscl-minmod,400,149,2.22,2.2275,2.235,0.110067695784,0.107668363424,0.105459041857,0.015
50,fv-muscl-minmod,400,150,2.235,2.2425,2.25,0.105459041857,0.103439074108,0.10160522429,0.015
50,fv-muscl-minmod,400,151,2.25,2.2575,2.265,0.10160522429,0.099952065285,0.0984723645473,0.015
50,fv-muscl-minmod,400,152,2.265,2.2725,2.28,0.0984723645473,0.0971574560417,0.095997589276,0.015
50,fv-muscl-minmod,400,153,2.28,2.2875,2.295,0.095997589276,0.0949822491054,0.0941004423662,0.015
50,fv-muscl-minmod,400,154,2.295,2.3025,2.31,0.0941004423662,0.093340949411,0.0926925402587,0.015
50,fv-muscl-minmod,400,155,2.31,2.3175,2.325,0.0926925402587,0.0921441563406,0.0916850597608,0.015
50,fv-muscl-minmod,400,156,2.325,2.3325,2.34,0.0916850597608,0.0913049526316,0.0909940694336,0.015
50,fv-muscl-minmod,400,157,2.34,2.3475,2.355,0.0909940694336,0.0907432455396,0.0905439650684,0.015
50,fv-muscl-minmod,400,158,2.355,2.3625,2.37,0.0905439650684,0.0903883911409,0.0902693814329,0.015
50,fv-muscl-minmod,400,159,2.37,2.3775,2.385,0.0902693814329,0.0901804916811,0.0901159695296,0.015
50,fv-muscl-minmod,400,160,2.385,2.3925,2.4,0.0901159695296,0.0900707408193,0.0900403901382,0.015
50,fv-muscl-minmod,400,161,2.4,2.4075,2.415,0.0900403901382,0.0900211371725,0.0900098101411,0.015
50,fv-muscl-minmod,400,162,2.415,2.4225,2.43,0.0900098101411,0.0900038173594,0.0900011177599,0.015
50,fv-muscl-minmod,400,163,2.43,2.4375,2.445,0.0900011177599,0.0900001910128,0.09000000772,0.015
50,fv-muscl-minmod,400,164,2.445,2.4525,2.46,0.09000000772,0.0900000000188,0.0900000328063,0.015
50,fv-muscl-minmod,400,165,2.46,2.4675,2.475,0.0900000328063,0.0900003757035,0.0900016757889,0.015
50,fv-muscl-minmod,400,166,2.475,2.4825,2.49,0.0900016757889,0.0900049310756,0.0900114646485,0.015
50,fv-muscl-minmod,400,167,2.49,2.4975,2.505,0.0900114646485,0.0900228993481,0.0900411328592,0.015
50,fv-muscl-minmod,400,168,2.505,2.5125,2.52,0.0900411328592,0.0900683130483,0.0901068133897,0.015
50,fv-muscl-minmod,400,169,2.52,2.5275,2.535,0.0901068133897,0.0901592083208,0.0902282483775,0.015
50,fv-muscl-minmod,400,170,2.535,2.5425,2.55,0.0902282483775,0.0903168349748,0.0904279947191,0.015
50,fv-muscl-minmod,400,171,2.55,2.5575,2.565,0.0904279947191,0.0905648531649,0.0907306079537,0.015
50,fv-muscl-minmod,400,172,2.565,2.5725,2.58,0.0907306079537,0.0909285013104,0.0911617919024,0.015
50,fv-muscl-minmod,400,173,2.58,2.5875,2.595,0.0911617919024,0.0914337261058,0.0917475087583,0.015
50,fv-muscl-minmod,400,174,2.595,2.6025,2.61,0.0917475087583,0.0921062735183,0.0925130529837,0.015
50,fv-muscl-minmod,400,175,2.61,2.6175,2.625,0.0925130529837,0.0929707487615,0.0934821017121,0.015
50,fv-muscl-minmod,400,176,2.625,2.6325,2.64,0.0934821017121,0.094049662621,0.0946757635799,0.015
50,fv-muscl-minmod,400,177,2.64,2.6475,2.655,0.0946757635799,0.0953624903762,0.0961116562111,0.015
50,fv-muscl-minmod,400,178,2.655,2.6625,2.67,0.0961116562111,0.0969247770732,0.0978030490986,0.015
50,fv-muscl-minmod,400,179,2.67,2.6775,2.685,0.0978030490986,0.0987473282475,0.0997581126123,0.015
50,fv-muscl-minmod,400,180,2.685,2.6925,2.7,0.0997581126123,0.100835527659,0.101979314676,0.015
50,fv-muscl-minmod,400,181,2.7,2.7075,2.715,0.101979314676,0.103188822668,0.104463003902,0.015
50,fv-muscl-minmod,400,182,2.715,2.7225,2.73,0.104463003902,0.105800413266,0.107199211542,0.015
50,fv-muscl-minmod,400,183,2.73,2.7375,2.745,0.107199211542,0.108657172644,0.11017169483,0.015
50,fv-muscl-minmod,400,184,2.745,2.7525,2.76,0.11017169483,0.111739815813,0.113358231647,0.015
50,fv-muscl-minmod,400,185,2.76,2.7675,2.775,0.113358231647,0.11502331922,0.116731162092,0.015
50,fv-muscl-minmod,400,186,2.775,2.7825,2.79,0.116731162092,0.118477579398,0.120258157479,0.015
50,fv-muscl-minmod,400,187,2.79,2.7975,2.805,0.120258157479,0.122068283833,0.123903182984,0.015
50,fv-muscl-minmod,400,188,2.805,2.8125,2.82,0.123903182984,0.125757953807,0.127627607835,0.015
50,fv-muscl-minmod,400,189,2.82,2.8275,2.835,0.127627607835,0.129507108068,0.13139140779,0.015
50,fv-muscl-minmod,400,190,2.835,2.8425,2.85,0.13139140779,0.133275488919,0.135154399413,0.015
50,fv-muscl-minmod,400,191,2.85,2.8575,2.865,0.135154399413,0.137023289289,0.138877444849,0.015
50,fv-muscl-minmod,400,192,2.865,2.8725,2.88,0.138877444849,0.14071232072,0.14252356938,0.015
50,fv-muscl-minmod,400,193,2.88,2.8875,2.895,0.14252356938,0.144307067885,0.146058941552,0.015
50,fv-muscl-minmod,400,194,2.895,2.9025,2.91,0.146058941552,0.147775584421,0.14945367637,0.015
50,fv-muscl-minmod,400,195,2.91,2.9175,2.925,0.14945367637,0.151090196794,0.152682434847,0.015
50,fv-muscl-minmod,400,196,2.925,2.9325,2.94,0.152682434847,0.154227996271,0.155724806882,0.015
50,fv-muscl-minmod,400,197,2.94,2.9475,2.955,0.155724806882,0.157171112856,0.158565477958,0.015
50,fv-muscl-minmod,400,198,2.955,2.9625,2.97,0.158565477958,0.159906777936,0.161194192284,0.015
50,fv-muscl-minmod,400,199,2.97,2.9775,2.985,0.161194192284,0.162427193646,0.163605535118,0.015
50,fv-muscl-minmod,400,200,2.985,2.9925,3,0.163605535118,0.16472923573,0.165798564405,0.015
50,fv-muscl-minmod,400,201,3,3.0075,3.015,0.165798564405,0.166814022672,0.167776326427,0.015
50,fv-muscl-minmod,400,202,3.015,3.0225,3.03,0.167776326427,0.168686387011,0.169545291881,0.015
50,fv-muscl-minmod,400,203,3.03,3.0375,3.045,0.169545291881,0.170354285108,0.17111474795,0.015
50,fv-muscl-minmod,400,204,3.045,3.0525,3.06,0.17111474795,0.171828179699,0.172496178998,0.015
50,fv-muscl-minmod,400,205,3.06,3.0675,3.075,0.172496178998,0.173120425788,0.17370266404,0.015
50,fv-muscl-minmod,400,206,3.075,3.0825,3.09,0.17370266404,0.174244685378,0.174748313694,0.015
50,fv-muscl-minmod,400,207,3.09,3.0975,3.105,0.174748313694,0.17521539084,0.175647763433,0.015
50,fv-muscl-minmod,400,208,3.105,3.1125,3.12,0.175647763433,0.176047270822,0.176415734221,0.015
50,fv-muscl-minmod,400,209,3.12,3.1275,3.135,0.176415734221,0.176754947018,0.177066666231,0.015
50,fv-muscl-minmod,400,210,3.135,3.1425,3.15,0.177066666231,0.177352605098,0.177614426747,0.015
50,fv-muscl-minmod,400,211,3.15,3.1575,3.165,0.177614426747,0.177853738911,0.178072089614,0.015
50,fv-muscl-minmod,400,212,3.165,3.1725,3.18,0.178072089614,0.17827096379,0.178451780746,0.015
50,fv-muscl-minmod,400,213,3.18,3.1875,3.195,0.178451780746,0.178615892417,0.17876458233,0.015
50,fv-muscl-minmod,400,214,3.195,3.2025,3.21,0.17876458233,0.178899065221,0.179020487222,0.015
50,fv-muscl-minmod,400,215,3.21,3.2175,3.225,0.179020487222,0.179129926555,0.17922839467,0.015
50,fv-muscl-minmod,400,216,3.225,3.2325,3.24,0.17922839467,0.179316837762,0.179396138609,0.015
50,fv-muscl-minmod,400,217,3.24,3.2475,3.255,0.179396138609,0.179467118666,0.179530540385,0.015
50,fv-muscl-minmod,400,218,3.255,3.2625,3.27,0.179530540385,0.179587109689,0.179637478573,0.015
50,fv-muscl-minmod,400,219,3.27,3.2775,3.285,0.179637478573,0.179682247788,0.17972196957,0.015
50,fv-muscl-minmod,400,220,3.285,3.2925,3.3,0.17972196957,0.179757150392,0.179788253704,0.015
50,fv-muscl-minmod,400,221,3.3,3.3075,3.315,0.179788253704,0.179815702636,0.179839882658,0.015
50,fv-muscl-minmod,400,222,3.315,3.3225,3.33,0.179839882658,0.179861144163,0.179879804973,0.015
50,fv-muscl-minmod,400,223,3.33,3.3375,3.345,0.179879804973,0.179896152746,0.179910447288,0.015
50,fv-muscl-minmod,400,224,3.345,3.3525,3.36,0.179910447288,0.179922922752,0.179933789726,0.015
50,fv-muscl-minmod,400,225,3.36,3.3675,3.375,0.179933789726,0.179943237207,0.17995143446,0.015
50,fv-muscl-minmod,400,226,3.375,3.3825,3.39,0.17995143446,0.179958532761,0.179964667021,0.015
50,fv-muscl-minmod,400,227,3.39,3.3975,3.405,0.179964667021,0.179969957308,0.179974510254,0.015
50,fv-muscl-minmod,400,228,3.405,3.4125,3.42,0.179974510254,0.179978420353,0.179981771172,0.015
50,fv-muscl-minmod,400,229,3.42,3.4275,3.435,0.179981771172,0.179984636448,0.17998708111,0.015
50,fv-muscl-minmod,400,230,3.435,3.4425,3.45,0.17998708111,0.1799891622,0.179990929725,0.015
50,fv-muscl-minmod,400,231,3.45,3.4575,3.465,0.179990929725,0.179992427427,0.179993693478,0.015
50,fv-muscl-minmod,400,232,3.465,3.4725,3.48,0.179993693478,0.179994761113,0.179995659207,0.015
50,fv-muscl-minmod,400,233,3.48,3.4875,3.495,0.179995659207,0.179996412781,0.179997043468,0.015
50,fv-muscl-minmod,400,234,3.495,3.5025,3.51,0.179997043468,0.179997569925,0.179998008204,0.015
50,fv-muscl-minmod,400,235,3.51,3.5175,3.525,0.179998008204,0.17999837208,0.179998673343,0.015
50,fv-muscl-minmod,400,236,3.525,3.5325,3.54,0.179998673343,0.179998922058,0.179999126795,0.015
50,fv-muscl-minmod,400,237,3.54,3.5475,3.555,0.179999126795,0.179999294831,0.179999432328,0.015
50,fv-muscl-minmod,400,238,3.555,3.5625,3.57,0.179999432328,0.179999544487,0.17999963569,0.015
50,fv-muscl-minmod,400,239,3.57,3.5775,3.585,0.17999963569,0.179999709611,0.179999769328,0.015
50,fv-muscl-minmod,400,240,3.585,3.5925,3.6,0.179999769328,0.179999817408,0.179999855984,0.015
50,fv-muscl-minmod,400,241,3.6,3.6075,3.615,0.179999855984,0.179999886826,0.179999911396,0.015
50,fv-muscl-minmod,400,242,3.615,3.6225,3.63,0.179999911396,0.179999930898,0.179999946317,0.015
50,fv-muscl-minmod,400,243,3.63,3.6375,3.645,0.179999946317,0.179999958463,0.179999967991,0.015
50,fv-muscl-minmod,400,244,3.645,3.6525,3.66,0.179999967991,0.179999975437,0.179999981231,0.015
50,fv-muscl-minmod,400,245,3.66,3.6675,3.675,0.179999981231,0.179999985721,0.179999989185,0.015
50,fv-muscl-minmod,400,246,3.675,3.6825,3.69,0.179999989185,0.179999991846,0.179999993881,0.015
50,fv-muscl-minmod,400,247,3.69,3.6975,3.705,0.179999993881,0.17999999543,0.179999996603,0.015
50,fv-muscl-minmod,400,248,3.705,3.7125,3.72,0.179999996603,0.179999997488,0.179999998151,0.015
50,fv-muscl-minmod,400,249,3.72,3.7275,3.735,0.179999998151,0.179999998647,0.179999999015,0.015
50,fv-muscl-minmod,400,250,3.735,3.7425,3.75,0.179999999015,0.179999999286,0.179999999486,0.015
50,fv-muscl-minmod,400,251,3.75,3.7575,3.765,0.179999999486,0.179999999632,0.179999999738,0.015
50,fv-muscl-minmod,400,252,3.765,3.7725,3.78,0.179999999738,0.179999999815,0.17999999987,0.015
50,fv-muscl-minmod,400,253,3.78,3.7875,3.795,0.17999999987,0.179999999909,0.179999999937,0.015
50,fv-muscl-minmod,400,254,3.795,3.8025,3.81,0.179999999937,0.179999999956,0.17999999997,0.015
50,fv-muscl-minmod,400,255,3.81,3.8175,3.825,0.17999999997,0.17999999998,0.179999999986,0.015
50,fv-muscl-minmod,400,256,3.825,3.8325,3.84,0.179999999986,0.179999999991,0.179999999994,0.015
50,fv-muscl-minmod,400,257,3.84,3.8475,3.855,0.179999999994,0.179999999996,0.179999999997,0.015
50,fv-muscl-minmod,400,258,3.855,3.8625,3.87,0.179999999997,0.179999999998,0.179999999999,0.015
50,fv-muscl-minmod,400,259,3.87,3.8775,3.885,0.179999999999,0.179999999999,0.18,0.015
50,fv-muscl-minmod,400,260,3.885,3.8925,3.9,0.18,0.18,0.18,0.015
50,fv-muscl-minmod,400,261,3.9,3.9075,3.915,0.18,0.18,0.18,0.015
50,fv-muscl-minmod,400,262,3.915,3.9225,3.93,0.18,0.18,0.18,0.015
50,fv-muscl-minmod,400,263,3.93,3.9375,3.945,0.18,0.18,0.18,0.015
50,fv-muscl-minmod,400,264,3.945,3.9525,3.96,0.18,0.18,0.18,0.015
50,fv-muscl-minmod,400,265,3.96,3.9675,3.975,0.18,0.18,0.18,0.015
50,fv-muscl-minmod,400,266,3.975,3.9825,3.99,0.18,0.18,0.18,0.015
50,fv-muscl-minmod,400,267,3.99,3.9975,4.005,0.18,0.18,0.18,0.015
50,fv-muscl-minmod,400,268,4.005,4.0125,4.02,0.18,0.18,0.18,0.015
50,fv-muscl-minmod,400,269,4.02,4.0275,4.035,0.18,0.18,0.18,0.015
50,fv-muscl-minmod,400,270,4.035,4.0425,4.05,0.18,0.18,0.18,0.015
50,fv-muscl-minmod,400,271,4.05,4.0575,4.065,0.18,0.18,0.18,0.015
50,fv-muscl-minmod,400,272,4.065,4.0725,4.08,0.18,0.18,0.18,0.015
50,fv-muscl-minmod,400,273,4.08,4.0875,4.095,0.18,0.18,0.18,0.015
50,fv-muscl-minmod,400,274,4.095,4.1025,4.11,0.18,0.18,0.18,0.015
50,fv-muscl-minmod,400,275,4.11,4.1175,4.125,0.18,0.18,0.18,0.015
50,fv-muscl-minmod,400,276,4.125,4.1325,4.14,0.18,0.18,0.18,0.015
50,fv-muscl-minmod,400,277,4.14,4.1475,4.155,0.18,0.18,0.18,0.015
50,fv-muscl-minmod,400,278,4.155,4.1625,4.17,0.18,0.18,0.18,0.015
50,fv-muscl-minmod,400,279,4.17,4.1775,4.185,0.18,0.18,0.18,0.015
50,fv-muscl-minmod,400,280,4.185,4.1925,4.2,0.18,0.18,0.18,0.015
50,fv-muscl-minmod,400,281,4.2,4.2075,4.215,0.18,0.18,0.18,0.015
50,fv-muscl-minmod,400,282,4.215,4.2225,4.23,0.18,0.18,0.18,0.015
50,fv-muscl-minmod,400,283,4.23,4.2375,4.245,0.18,0.18,0.18,0.015
50,fv-muscl-minmod,400,284,4.245,4.2525,4.26,0.18,0.18,0.18,0.015
50,fv-muscl-minmod,400,285,4.26,4.2675,4.275,0.18,0.18,0.18,0.015
50,fv-muscl-minmod,400,286,4.275,4.2825,4.29,0.18,0.18,0.18,0.015
50,fv-muscl-minmod,400,287,4.29,4.2975,4.305,0.18,0.18,0.18,0.015
50,fv-muscl-minmod,400,288,4.305,4.3125,4.32,0.18,0.18,0.18,0.015
50,fv-muscl-minmod,400,289,4.32,4.3275,4.335,0.18,0.18,0.18,0.015
50,fv-muscl-minmod,400,290,4.335,4.3425,4.35,0.18,0.18,0.18,0.015
50,fv-muscl-minmod,400,291,4.35,4.3575,4.365,0.18,0.18,0.18,0.015
50,fv-muscl-minmod,400,292,4.365,4.3725,4.38,0.18,0.18,0.18,0.015
50,fv-muscl-minmod,400,293,4.38,4.3875,4.395,0.18,0.18,0.18,0.015
50,fv-muscl-minmod,400,294,4.395,4.4025,4.41,0.18,0.18,0.18,0.015
50,fv-muscl-minmod,400,295,4.41,4.4175,4.425,0.18,0.18,0.18,0.015
50,fv-muscl-minmod,400,296,4.425,4.4325,4.44,0.18,0.18,0.18,0.015
50,fv-muscl-minmod,400,297,4.44,4.4475,4.455,0.18,0.18,0.18,0.015
50,fv-muscl-minmod,400,298,4.455,4.4625,4.47,0.18,0.18,0.18,0.015
50,fv-muscl-minmod,400,299,4.47,4.4775,4.485,0.18,0.18,0.18,0.015
50,fv-muscl-minmod,400,300,4.485,4.4925,4.5,0.18,0.18,0.18,0.015
50,fv-muscl-minmod,400,301,4.5,4.5075,4.515,0.18,0.18,0.18,0.015
50,fv-muscl-minmod,400,302,4.515,4.5225,4.53,0.18,0.18,0.18,0.015
50,fv-muscl-minmod,400,303,4.53,4.5375,4.545,0.18,0.18,0.18,0.015
50,fv-muscl-minmod,400,304,4.545,4.5525,4.56,0.18,0.18,0.18,0.015
50,fv-muscl-minmod,400,305,4.56,4.5675,4.575,0.18,0.18,0.18,0.015
50,fv-muscl-minmod,400,306,4.575,4.5825,4.59,0.18,0.18,0.18,0.015
50,fv-muscl-minmod,400,307,4.59,4.5975,4.605,0.18,0.18,0.18,0.015
50,fv-muscl-minmod,400,308,4.605,4.6125,4.62,0.18,0.18,0.18,0.015
50,fv-muscl-minmod,400,309,4.62,4.6275,4.635,0.18,0.18,0.18,0.015
50,fv-muscl-minmod,400,310,4.635,4.6425,4.65,0.18,0.18,0.18,0.015
50,fv-muscl-minmod,400,311,4.65,4.6575,4.665,0.18,0.18,0.18,0.015
50,fv-muscl-minmod,400,312,4.665,4.6725,4.68,0.18,0.18,0.18,0.015
50,fv-muscl-minmod,400,313,4.68,4.6875,4.695,0.18,0.18,0.18,0.015
50,fv-muscl-minmod,400,314,4.695,4.7025,4.71,0.18,0.18,0.18,0.015
50,fv-muscl-minmod,400,315,4.71,4.7175,4.725,0.18,0.18,0.18,0.015
50,fv-muscl-minmod,400,316,4.725,4.7325,4.74,0.18,0.18,0.18,0.015
50,fv-muscl-minmod,400,317,4.74,4.7475,4.755,0.18,0.18,0.18,0.015
50,fv-muscl-minmod,400,318,4.755,4.7625,4.77,0.18,0.18,0.18,0.015
50,fv-muscl-minmod,400,319,4.77,4.7775,4.785,0.18,0.18,0.18,0.015
50,fv-muscl-minmod,400,320,4.785,4.7925,4.8,0.18,0.18,0.18,0.015
50,fv-muscl-minmod,400,321,4.8,4.8075,4.815,0.18,0.18,0.18,0.015
50,fv-muscl-minmod,400,322,4.815,4.8225,4.83,0.18,0.18,0.18,0.015
50,fv-muscl-minmod,400,323,4.83,4.8375,4.845,0.18,0.18,0.18,0.015
50,fv-muscl-minmod,400,324,4.845,4.8525,4.86,0.18,0.18,0.18,0.015
50,fv-muscl-minmod,400,325,4.86,4.8675,4.875,0.18,0.18,0.18,0.015
50,fv-muscl-minmod,400,326,4.875,4.8825,4.89,0.18,0.18,0.18,0.015
50,fv-muscl-minmod,400,327,4.89,4.8975,4.905,0.18,0.18,0.18,0.015
50,fv-muscl-minmod,400,328,4.905,4.9125,4.92,0.18,0.18,0.18,0.015
50,fv-muscl-minmod,400,329,4.92,4.9275,4.935,0.18,0.18,0.18,0.015
50,fv-muscl-minmod,400,330,4.935,4.9425,4.95,0.18,0.18,0.18,0.015
50,fv-muscl-minmod,400,331,4.95,4.9575,4.965,0.18,0.18,0.18,0.015
50,fv-muscl-minmod,400,332,4.965,4.9725,4.98,0.18,0.18,0.18,0.015
50,fv-muscl-minmod,400,333,4.98,4.9875,4.995,0.18,0.18,0.18,0.015
50,fv-muscl-minmod,400,334,4.995,5.0025,5.01,0.18,0.18,0.18,0.015
50,fv-muscl-minmod,400,335,5.01,5.0175,5.025,0.18,0.18,0.18,0.015
50,fv-muscl-minmod,400,336,5.025,5.0325,5.04,0.18,0.18,0.18,0.015
50,fv-muscl-minmod,400,337,5.04,5.0475,5.055,0.18,0.18,0.18,0.015
50,fv-muscl-minmod,400,338,5.055,5.0625,5.07,0.18,0.18,0.18,0.015
50,fv-muscl-minmod,400,339,5.07,5.0775,5.085,0.18,0.18,0.18,0.015
50,fv-muscl-minmod,400,340,5.085,5.0925,5.1,0.18,0.18,0.18,0.015
50,fv-muscl-minmod,400,341,5.1,5.1075,5.115,0.18,0.18,0.18,0.015
50,fv-muscl-minmod,400,342,5.115,5.1225,5.13,0.18,0.18,0.18,0.015
50,fv-muscl-minmod,400,343,5.13,5.1375,5.145,0.18,0.18,0.18,0.015
50,fv-muscl-minmod,400,344,5.145,5.1525,5.16,0.18,0.18,0.18,0.015
50,fv-muscl-minmod,400,345,5.16,5.1675,5.175,0.18,0.18,0.18,0.015
50,fv-muscl-minmod,400,346,5.175,5.1825,5.19,0.18,0.18,0.18,0.015
50,fv-muscl-minmod,400,347,5.19,5.1975,5.205,0.18,0.18,0.18,0.015
50,fv-muscl-minmod,400,348,5.205,5.2125,5.22,0.18,0.18,0.18,0.015
50,fv-muscl-minmod,400,349,5.22,5.2275,5.235,0.18,0.18,0.18,0.015
50,fv-muscl-minmod,400,350,5.235,5.2425,5.25,0.18,0.18,0.18,0.015
50,fv-muscl-minmod,400,351,5.25,5.2575,5.265,0.18,0.18,0.18,0.015
50,fv-muscl-minmod,400,352,5.265,5.2725,5.28,0.18,0.18,0.18,0.015
50,fv-muscl-minmod,400,353,5.28,5.2875,5.295,0.18,0.18,0.18,0.015
50,fv-muscl-minmod,400,354,5.295,5.3025,5.31,0.18,0.18,0.18,0.015
50,fv-muscl-minmod,400,355,5.31,5.3175,5.325,0.18,0.18,0.18,0.015
50,fv-muscl-minmod,400,356,5.325,5.3325,5.34,0.18,0.18,0.18,0.015
50,fv-muscl-minmod,400,357,5.34,5.3475,5.355,0.18,0.18,0.18,0.015
50,fv-muscl-minmod,400,358,5.355,5.3625,5.37,0.18,0.18,0.18,0.015
50,fv-muscl-minmod,400,359,5.37,5.3775,5.385,0.18,0.18,0.18,0.015
50,fv-muscl-minmod,400,360,5.385,5.3925,5.4,0.18,0.18,0.18,0.015
50,fv-muscl-minmod,400,361,5.4,5.4075,5.415,0.18,0.18,0.18,0.015
50,fv-muscl-minmod,400,362,5.415,5.4225,5.43,0.18,0.18,0.18,0.015
50,fv-muscl-minmod,400,363,5.43,5.4375,5.445,0.18,0.18,0.18,0.015
50,fv-muscl-minmod,400,364,5.445,5.4525,5.46,0.18,0.18,0.18,0.015
50,fv-muscl-minmod,400,365,5.46,5.4675,5.475,0.18,0.18,0.18,0.015
50,fv-muscl-minmod,400,366,5.475,5.4825,5.49,0.18,0.18,0.18,0.015
50,fv-muscl-minmod,400,367,5.49,5.4975,5.505,0.18,0.18,0.18,0.015
50,fv-muscl-minmod,400,368,5.505,5.5125,5.52,0.18,0.18,0.18,0.015
50,fv-muscl-minmod,400,369,5.52,5.5275,5.535,0.18,0.18,0.18,0.015
50,fv-muscl-minmod,400,370,5.535,5.5425,5.55,0.18,0.18,0.18,0.015
50,fv-muscl-minmod,400,371,5.55,5.5575,5.565,0.18,0.18,0.18,0.015
50,fv-muscl-minmod,400,372,5.565,5.5725,5.58,0.18,0.18,0.18,0.015
50,fv-muscl-minmod,400,373,5.58,5.5875,5.595,0.18,0.18,0.18,0.015
50,fv-muscl-minmod,400,374,5.595,5.6025,5.61,0.18,0.18,0.18,0.015
50,fv-muscl-minmod,400,375,5.61,5.6175,5.625,0.18,0.18,0.18,0.015
50,fv-muscl-minmod,400,376,5.625,5.6325,5.64,0.18,0.18,0.18,0.015
50,fv-muscl-minmod,400,377,5.64,5.6475,5.655,0.18,0.18,0.18,0.015
50,fv-muscl-minmod,400,378,5.655,5.6625,5.67,0.18,0.18,0.18,0.015
50,fv-muscl-minmod,400,379,5.67,5.6775,5.685,0.18,0.18,0.18,0.015
50,fv-muscl-minmod,400,380,5.685,5.6925,5.7,0.18,0.18,0.18,0.015
50,fv-muscl-minmod,400,381,5.7,5.7075,5.715,0.18,0.18,0.18,0.015
50,fv-muscl-minmod,400,382,5.715,5.7225,5.73,0.18,0.18,0.18,0.015
50,fv-muscl-minmod,400,383,5.73,5.7375,5.745,0.18,0.18,0.18,0.015
50,fv-muscl-minmod,400,384,5.745,5.7525,5.76,0.18,0.18,0.18,0.015
50,fv-muscl-minmod,400,385,5.76,5.7675,5.775,0.18,0.18,0.18,0.015
50,fv-muscl-minmod,400,386,5.775,5.7825,5.79,0.18,0.18,0.18,0.015
50,fv-muscl-minmod,400,387,5.79,5.7975,5.805,0.18,0.18,0.18,0.015
50,fv-muscl-minmod,400,388,5.805,5.8125,5.82,0.18,0.18,0.18,0.015
50,fv-muscl-minmod,400,389,5.82,5.8275,5.835,0.18,0.18,0.18,0.015
50,fv-muscl-minmod,400,390,5.835,5.8425,5.85,0.18,0.18,0.18,0.015
50,fv-muscl-minmod,400,391,5.85,5.8575,5.865,0.18,0.18,0.18,0.015
50,fv-muscl-minmod,400,392,5.865,5.8725,5.88,0.18,0.18,0.18,0.015
50,fv-muscl-minmod,400,393,5.88,5.8875,5.895,0.18,0.18,0.18,0.015
50,fv-muscl-minmod,400,394,5.895,5.9025,5.91,0.18,0.18,0.18,0.015
50,fv-muscl-minmod,400,395,5.91,5.9175,5.925,0.18,0.18,0.18,0.015
50,fv-muscl-minmod,400,396,5.925,5.9325,5.94,0.18,0.18,0.18,0.015
50,fv-muscl-minmod,400,397,5.94,5.9475,5.955,0.18,0.18,0.18,0.015
50,fv-muscl-minmod,400,398,5.955,5.9625,5.97,0.18,0.18,0.18,0.015
50,fv-muscl-minmod,400,399,5.97,5.9775,5.985,0.18,0.18,0.18,0.015
50,fv-muscl-minmod,400,400,5.985,5.9925,6,0.18,0.18,0.18,0.015
